,frame_num,resd_avg,resd_med,resd_int
0,7257.0,0.9236293365432481,0.0,152247.3653184428
1,9744.0,9.976796187997152,0.0,1644535.176444699
