rad_asec,contrast_lin
0.10409,0.01
0.2,0.01
0.20818,0.01
0.31227,0.01
0.4,0.008
0.41636,0.008
0.52045,0.005
0.6,0.004
0.8,0.0035
1.0,0.0009
1.0409,0.0007
1.2,0.0002
1.301125,0.0002
1.4,0.00018
1.6,0.00016
1.8,0.00014
2.0,0.00012
100.0,0.00012
